{
    "loss": 0.7234900593757629,
    "accuracy": 0.9375,
    "precision_0": 1.0,
    "precision_1": 0.9333333333333333,
    "recall_0": 0.5,
    "recall_1": 1.0
}