{
    "loss": 0.35133081674575806,
    "accuracy": 0.875,
    "precision_0": 0.5,
    "precision_1": 0.9285714285714286,
    "recall_0": 0.5,
    "recall_1": 0.9285714285714286
}