{
    "loss": 0.3697788119316101,
    "accuracy": 0.8125,
    "precision_0": 0.3333333333333333,
    "precision_1": 0.9230769230769231,
    "recall_0": 0.5,
    "recall_1": 0.8571428571428571
}